{
    "extends": [
        "tslint:recommended",
        "tslint-plugin-prettier"
    ],
    "rules": {
        "array-type": false,
        "arrow-parens": false,
        "component-class-suffix": true,
        "component-selector": [
            true,
            "element",
            [
                "app",
                "sb"
            ],
            "kebab-case"
        ],
        "contextual-lifecycle": true,
        "deprecation": {
            "severity": "warning"
        },
        "directive-class-suffix": true,
        "directive-selector": [
            true,
            "attribute",
            [
                "app",
                "sb"
            ],
            "camelCase"
        ],
        "import-blacklist": [
            true,
            "rxjs/Rx"
        ],
        "interface-name": false,
        "max-classes-per-file": false,
        "max-line-length": [
            true,
            140
        ],
        "member-access": false,
        "member-ordering": [
            true,
            {
                "order": [
                    "static-field",
                    "instance-field",
                    "static-method",
                    "instance-method"
                ]
            }
        ],
        "no-angle-bracket-type-assertion": true,
        "no-conflicting-lifecycle": true,
        "no-consecutive-blank-lines": false,
        "no-console": [
            true,
            "debug",
            "info",
            "time",
            "timeEnd",
            "trace"
        ],
        "no-duplicate-imports": true,
        "no-empty": false,
        "no-host-metadata-property": true,
        "no-inferrable-types": [
            true,
            "ignore-params"
        ],
        "no-input-rename": true,
        "no-inputs-metadata-property": true,
        "no-non-null-assertion": true,
        "no-output-native": true,
        "no-output-on-prefix": true,
        "no-output-rename": true,
        "no-outputs-metadata-property": true,
        "no-redundant-jsdoc": true,
        "no-switch-case-fall-through": true,
        "no-var-requires": false,
        "object-literal-key-quotes": [
            true,
            "as-needed"
        ],
        "object-literal-sort-keys": false,
        "ordered-imports": [
            true,
            {
                "grouped-imports": true
            }
        ],
        "prettier": true,
        "quotemark": [
            true,
            "single"
        ],
        "template-banana-in-box": true,
        "template-no-negated-async": true,
        "trailing-comma": false,
        "use-lifecycle-interface": true,
        "use-pipe-transform-interface": true,
        "variable-name": {
            "options": [
                "ban-keywords",
                "check-format",
                "allow-leading-underscore",
                "allow-pascal-case"
            ]
        }
    },
    "rulesDirectory": [
        "codelyzer"
    ]
}