{
  "$schema": "./node_modules/@angular/service-worker/config/schema.json",
  "index": "/index.html",
  "assetGroups": [
    {
      "name": "app",
      "installMode": "prefetch",
      "resources": {
        "files": [
          "/favicon.ico",
          "/index.html",
          "/manifest.webmanifest",
          "/*.css",
          "/*.js"
        ]
      }
    }, {
      "name": "assets",
      "installMode": "lazy",
      "updateMode": "prefetch",
      "resources": {
        "files": [
          "/assets/**",
          "/*.(eot|svg|cur|jpg|png|webp|gif|otf|ttf|woff|woff2|ani)"
        ]
      }
    },
    {
      "name": "fonts",
      "resources": {
        "urls": [
          "https://fonts.googleapis.com/**",
          "https://fonts.gstatic.com/**"
        ]
      }
    }
  ],
  "dataGroups": [{
    "name": "api",
    "version": 1,
    "cacheConfig": {
      "maxAge": "3d",
      "maxSize": 50,
      "strategy": "freshness",
      "timeout": "1000"
    },
    "urls": [
      "http://localhost:3000/*"
    ]
  }]
}
