loc,v(g),ev(g),iv(g),n,v,l,d,i,e,b,t,lOCode,lOComment,lOBlank,locCodeAndComment,uniq_Op,uniq_Opnd,total_Op,total_Opnd,branchCount,defects
22,43,61.46764965,45.29024771,911,6637.001421,911,49.77697842,133.334759,330369.8765,0.000240016,5.098300563,235,10,73,172,17,139,97,814,0,FALSE
1772,3082,13219.69998,1032.934656,141923,1533583.588,141923,660.0803723,2323.32857,1012288425,0.000219133,15621.73496,6609,86,1036,5715,17,1773,4238,137685,23,TRUE
497,866,3457.29378,342.2273498,15799,144716.8072,15799,223.4351351,647.690468,32334819.38,0.00023378,498.9941263,1841,28,330,1556,17,555,1210,14589,15,TRUE
21967,58479,559507.6695,7970.492307,3250714,43618886.42,3250714,2440.573971,17872.3886,1.06E+11,0.000171652,1642825.908,80182,2046,9244,70916,17,10930,112423,3138291,8365,TRUE
658,1214,4740.04927,504.8502391,34744,344048.121,34744,295.8632979,1162.861779,101791211.7,0.000211219,1570.852032,2293,158,442,1910,17,940,2025,32719,16,FALSE
309,679,3056.904899,203.5963966,9905,92555.25097,9905,118.6240126,780.2404329,10979275.26,0.000177907,169.4332602,768,98,128,648,17,633,1071,8834,21,TRUE
4094,78116,488720.1191,7919.299812,6423567,90345276.67,6423567,3073.716789,29392.84354,2.78E+11,0.000157043,4285428.916,19369,1067,630,18791,17,17118,233463,6190104,13838,TRUE
1605,3072,14111.41981,816.9991446,128253,1399610.796,128253,538.5468341,2598.865516,753755963.2,0.000197254,11632.03647,5259,320,739,4618,17,1911,7175,121078,301,FALSE
2222,5163,35946.71565,308.9384624,262266,2834190.543,262266,1217.081172,2328.678323,3449439949,0.000268503,53232.09798,7275,473,435,6873,17,1774,8254,254012,172,TRUE
241,430,1838.593777,147.468935,8253,75258.62067,8253,115.8302412,649.7320553,8717224.184,0.000187604,134.5250646,722,25,119,625,17,539,908,7345,3,TRUE
2183,4202,25830.9676,316.1220751,179133,1987787.876,179133,650.4866544,3055.847283,1293029485,0.000199028,19954.15872,7283,518,1553,5744,17,2173,12838,166295,361,TRUE
174,305,1269.087954,108.8064743,10724,94926.15672,10724,176.7808989,536.9706644,16781131.31,0.000230166,258.9680758,671,57,77,597,17,445,1469,9255,6,FALSE
2287,4399,24541.27932,796.7012246,191237,2099672.336,191237,777.9283217,2699.056298,1633394576,0.000220185,25206.70643,7262,520,1010,6355,17,2002,8012,183225,274,TRUE
83,169,579.682117,92.04401927,2748,23560.38247,2748,51.49038462,457.5685858,1213133.155,0.000160929,18.72119067,273,23,45,240,17,364,543,2205,1,TRUE
467,744,2499.981819,433.0026985,18355,176444.2013,18355,188.0763708,938.1518824,33184985.02,0.000195089,512.1139663,1520,47,271,1316,17,766,1406,16949,9,TRUE
186,311,1078.051635,168.7162902,8075,73925.15623,8075,110.9303797,666.4103774,8200545.654,0.000183364,126.5516305,845,63,130,742,17,553,858,7217,0,TRUE
32221,86879,1003859.224,2303.000581,5541943,74614792.43,5541943,4026.688121,18530.06495,3.00E+11,0.000200402,4636581.764,124260,3295,13560,110675,17,11280,198291,5343652,10342,TRUE
1975,3265,12656.54084,1447.382384,110559,1159413.993,110559,627.6093089,1847.349899,727659015,0.000232591,11229.30579,6821,118,1264,5799,17,1418,5859,104700,27,TRUE
1250,2361,10509.17018,725.77864,38256,377953.3368,38256,324.3967568,1165.095917,122606836.7,0.000217663,1892.080813,3482,70,610,2929,17,925,2954,35302,62,TRUE
238,432,1759.514537,174.2855933,13232,124921.5808,13232,153.4638643,814.0130016,19170948.53,0.000191134,295.8479711,866,68,187,703,17,678,991,12241,3,TRUE
269,488,2162.760961,142.5730274,7922,73355.68613,7922,100.9303691,726.7949852,7403816.479,0.000172616,114.2564271,757,61,87,687,17,596,845,7077,15,FALSE
271,495,2005.516635,190.9986372,8320,78787.41992,8320,90.23265896,873.158575,7109198.392,0.000156424,109.7098517,824,70,113,737,17,692,974,7346,7,TRUE
264,454,2122.667693,135.1267141,19359,180331.9804,19359,248.3233871,726.1981342,44780648.17,0.000233095,691.0593853,1311,52,268,1058,17,620,1246,18113,50,TRUE
205,379,1419.786689,181.2554154,6070,55477.07671,6070,79.15722121,700.846693,4391411.233,0.000161127,67.76869187,689,72,137,578,17,547,976,5094,1,TRUE
172,348,1347.868797,146.6079865,5262,47132.27094,5262,79.17395833,595.3001711,3731648.456,0.000170148,57.58716753,598,38,98,515,17,480,791,4471,2,TRUE
247,531,2805.128868,88.13062779,13452,128682.5589,13452,144.5,890.5367399,18594629.76,0.00018181,286.954163,995,108,99,909,17,741,855,12597,37,TRUE
123,251,886.882598,129.9784844,3835,34383.78273,3835,55.64596273,617.9025583,1913318.693,0.000149411,29.52652303,412,29,78,347,17,483,673,3162,2,FALSE
211,346,1443.298904,129.609571,8370,74115.24837,8370,144.0426009,514.5370044,10675753.14,0.000218057,164.7492769,837,10,111,746,17,446,812,7558,9,TRUE
143,310,1288.480985,95.65796985,14286,124687.0716,14286,278.9545455,446.9798885,34782025.39,0.000284857,536.759651,758,51,99,662,17,407,929,13357,28,TRUE
6413,15459,181706.6951,412.7745904,853969,10776297.7,853969,1111.053236,9699.173143,11973040431,0.000161887,184769.1424,24781,347,2304,22476,17,6274,33881,820088,1399,TRUE
434,14069,2961.090681,12756.30719,753018,9174496.748,753018,1337.155448,6861.20433,12267728306,0.000193259,189316.7948,1269,84,268,1037,17,4635,23875,729143,2025,TRUE
174,297,1100.564152,145.8425487,9067,84232.60089,9067,113.9055829,739.4949284,9594563.505,0.000178682,148.0642516,786,69,126,681,17,609,906,8161,2,TRUE
110,224,751.7315951,127.173173,3521,31010.69668,3521,57.25174014,541.6550939,1775416.348,0.000157604,27.39840043,309,29,58,268,17,431,618,2903,1,TRUE
450,854,3457.585469,326.6953135,20737,204165.9272,20737,180.7214839,1129.72693,36897169.33,0.00018095,569.4007613,1571,93,326,1287,17,903,1538,19199,4,FALSE
330,2002,2311.85955,1573.025471,85718,864677.1398,85718,645.5079365,1339.529835,558155956.3,0.000261334,8613.517844,1471,41,212,1283,17,1071,4384,81334,380,TRUE
479,7196,39200.41087,1944.547967,285486,3242422.092,285486,864.8057154,3749.306964,2804065156,0.000204425,43272.61044,1213,110,174,1045,17,2607,20245,265241,1942,TRUE
27162,60590,876063.8648,438.6387244,3616901,49908072.68,3616901,2078.983418,24005.99844,1.04E+11,0.000147476,1601204.56,90145,1769,4675,85488,17,14232,135949,3480952,6679,TRUE
552,1322,8533.151728,164.9289038,41517,383152.8656,41517,577.0523156,663.9828924,221099248.3,0.000318101,3412.025437,2339,157,387,1959,17,583,1938,39579,76,FALSE
142,331,1107.222429,180.643826,11872,108352.2355,11872,176.8376384,612.7215705,19160753.44,0.000220284,295.6906395,818,70,134,696,17,542,596,11276,16,FALSE
365,765,4171.695014,125.9415177,25697,252918.8768,25697,229.9150943,1100.053381,58149867.41,0.000197817,897.3744971,1340,121,173,1192,17,901,1326,24371,31,TRUE
470,977,5117.941802,132.5379099,28026,262987.6965,28026,348.8133641,753.9496006,91733623.12,0.000257808,1415.642332,1873,44,253,1631,17,651,1311,26715,225,TRUE
429,701,4012.542053,133.0553319,16473,162364.8977,16473,144.3225275,1125.014234,23432912.41,0.000168114,361.6190187,1896,68,135,1779,17,910,1022,15451,27,FALSE
192,280,878.5260619,183.0102522,6599,59809.34414,6599,96.79826255,617.8762156,5789440.597,0.000179694,89.34321909,584,49,122,498,17,518,700,5899,7,TRUE
66,102,349.1757118,58.80440218,2431,20524.79564,2431,54.23564955,378.4373527,1113175.623,0.000174439,17.17863616,404,32,109,305,17,331,319,2112,0,FALSE
98,181,613.4429993,102.6180218,3493,30522.15626,3493,59.81097561,510.3102892,1825559.944,0.000163128,28.17222135,386,29,77,324,17,410,608,2885,4,FALSE
285,490,2233.496673,135.6899391,45976,435376.2522,45976,507.9978324,857.0435235,221170192.4,0.000280005,3413.120253,2984,56,208,2798,17,692,4619,41357,3,TRUE
155,279,1307.200889,58.81249698,13960,119206.657,13960,318.6183099,374.1362417,37981423.58,0.000315955,586.1330799,645,14,115,538,17,355,653,13307,40,FALSE
207,371,1379.836572,174.5065161,5847,53348.73731,5847,79.40665434,671.8421491,4236244.743,0.000163584,65.37414727,577,45,101,498,17,541,793,5054,3,TRUE
146,263,1080.008133,96.85171913,2473,20455.32807,2473,63.63356164,321.4550237,1301645.38,0.000194268,20.08712005,447,9,59,396,17,292,287,2186,10,TRUE
715,1459,12265.40946,100.5342706,52824,544407.4027,52824,344.2738191,1581.32095,187425215.6,0.000200527,2892.364439,2877,130,376,2509,17,1249,2236,50588,164,TRUE
22683,65266,555143.9524,11162.47325,3531068,47414604.14,3531068,2612.745342,18147.42653,1.24E+11,0.000174705,1911763.675,80205,2249,11479,68297,17,11003,148946,3382122,10850,TRUE
159,212,673.3106447,140.3370535,7108,60585.47838,7108,155.7606838,388.9651542,9436835.539,0.000245694,145.6301781,846,28,154,718,17,351,676,6432,1,TRUE
155,265,969.4466152,131.0907569,5664,49239.91013,5664,111.720403,440.7423245,5501102.604,0.000210957,84.89355871,494,26,98,415,17,397,446,5218,11,TRUE
227,383,1345.151965,206.5871679,14691,138014.0514,14691,178.461128,773.3563771,24630143.31,0.000204456,380.0948041,1263,73,243,1041,17,656,918,13773,31,FALSE
379,738,2796.503346,333.2602816,19079,183995.1322,19079,193.6871009,949.9606912,35637483.74,0.00019619,549.9611689,1782,35,582,1243,17,783,1237,17842,60,TRUE
623,1197,5324.482845,390.8369516,35641,351569.4584,35641,298.8934426,1176.236773,105081805.7,0.000211131,1621.632805,2000,179,317,1742,17,915,3466,32175,54,TRUE
2133,4343,27426.41234,493.9250802,192349,2123061.119,192349,756.5244604,2806.335063,1606147668,0.000215331,24786.22944,5741,301,776,5032,17,2085,6778,185571,354,TRUE
435,822,4168.31951,133.1508304,26965,253321.6866,26965,334.2469512,757.8878001,84672001.41,0.000253727,1306.666688,1399,75,160,1258,17,656,1169,25796,31,FALSE
280,491,1901.441944,226.9521999,9707,90356.04697,9707,115.7074554,780.9008212,10454868.28,0.000176387,161.3405598,1064,98,165,936,17,617,1308,8399,10,TRUE
320,603,2897.151349,171.2596474,12192,119785.897,12192,105.5623596,1134.740617,12644881.92,0.000151037,195.1370667,1195,42,148,1069,17,890,1139,11053,16,TRUE
84,175,707.2343795,70.2236257,1799,14697.69508,1799,37.88929889,387.9115082,556885.3618,0.000153511,8.593909905,204,38,47,160,17,271,591,1208,1,TRUE
2689,7012,53781.33662,1487.39467,338198,3940665.716,338198,857.0899719,4597.727013,3377505068,0.000190417,52121.99179,9549,348,574,8990,17,3201,15428,322770,557,TRUE
397,1026,5428.592355,230.897892,46815,439500.0292,46815,573.9387443,765.7612134,252246094.9,0.000302786,3892.686649,1736,273,249,1491,17,653,2723,44092,98,FALSE
28,48,136.376147,34.04983897,597,4349.385125,597,30.20863309,143.9782168,131388.9794,0.000198072,2.027607707,213,0,18,200,17,139,103,494,0,TRUE
270,507,2393.974249,123.0864797,16759,161009.2487,16759,174.0327654,925.1662947,28020884.81,0.000190992,432.4210619,909,70,133,794,17,763,1137,15622,38,TRUE
144,272,1618.655056,39.57978783,6159,53921.35213,6159,116.726506,461.946082,6294051.034,0.000210736,97.13041719,595,40,101,501,17,415,460,5699,49,TRUE
5006,25372,65099.59083,16820.93795,2146881,28158183.08,2146881,2002.328499,14062.71903,56381932457,0.000174061,870091.5503,15664,2215,1789,14176,17,8860,59748,2087133,2929,TRUE
2082,4810,32082.34799,255.6132698,165875,1818110.424,165875,681.6088057,2667.381069,1239240075,0.000211525,19124.07523,7421,459,838,6627,17,1976,7421,158454,116,TRUE
1049,2111,12550.83435,249.0071671,110632,1155552.882,110632,649.7407407,1778.483032,750809785.8,0.000238292,11586.57077,4645,152,650,4025,17,1377,5374,105258,101,FALSE
46,79,273.9860119,43.04725683,2086,16989.75709,2086,56.68796992,299.7065712,963114.8392,0.000191342,14.86288332,310,43,74,247,17,266,312,1774,2,TRUE
2463,4279,18958.77042,1358.938874,201313,2247640.908,201313,727.8297499,3088.141023,1635899920,0.0002059,25245.36914,7723,346,1146,6772,17,2279,6169,195144,141,TRUE
138,226,824.2201068,112.2745018,4209,34470.97157,4209,119.2472727,289.0713622,4110569.348,0.000248138,63.43471216,487,24,110,391,17,275,351,3858,22,TRUE
126,245,1076.591668,81.69452708,7587,67779.911,7587,117.7754237,575.501313,7982807.738,0.000196433,123.1914774,512,28,53,471,17,472,1047,6540,7,FALSE
86,168,659.9677966,62.74208867,9224,76719.81395,9224,240.1109272,319.5182113,18421265.66,0.000303052,284.278791,552,69,42,511,17,302,693,8531,19,TRUE
323,3986,31926.4714,53.76224372,146456,1584329.245,146456,651.6001119,2431.444096,1032349113,0.000214907,15931.31348,460,21,30,433,17,1788,9390,137066,958,TRUE
394,763,2985.59554,326.2473944,24189,241992.0889,24189,178.6683168,1354.420824,43236319.2,0.000169685,667.2271482,1166,109,171,1037,17,1010,2959,21230,10,FALSE
238,398,1307.829168,233.5078856,13746,130419.8491,13746,153.4243937,850.0594067,20009586.28,0.000188377,308.7899117,1099,51,201,934,17,701,1093,12653,12,TRUE
173,321,1219.656952,144.4313318,6282,57087.44157,6282,87.72580645,650.7485525,5008041.85,0.000170916,77.28459645,751,35,98,672,17,527,843,5439,8,FALSE
582,1238,9131.611889,44.40407464,74592,805479.6086,74592,336.3089569,2395.058449,270890007,0.000173255,4180.401342,2865,267,391,2483,17,1764,4798,69794,122,TRUE
758,1482,10893.65986,61.50531725,73689,706582.7928,73689,734.0816733,962.5397534,518689478.9,0.000304547,8004.467266,2781,79,143,2651,17,753,8658,65031,36,FALSE
2450,3926,15852.52173,1611.887227,150730,1562020.963,150730,943.5980769,1655.388032,1473919977,0.000276381,22745.67866,8437,91,1696,6986,17,1300,6415,144315,33,FALSE
6348,17417,192251.9859,93.42767377,972708,12218929.57,972708,1319.652845,9259.19996,16124745160,0.000174117,248838.6599,23553,288,2340,21218,17,6029,36686,936022,1996,TRUE
77,116,299.3723969,93.70216303,1080,8445.793279,1080,36.07416268,234.1230579,304674.9207,0.000178702,4.701773468,341,6,60,281,17,209,193,887,2,FALSE
43,68,230.6863616,38.68785044,778,5924.244259,778,31.86312849,185.9278903,188764.956,0.000185151,2.913039445,206,5,28,183,17,179,107,671,2,TRUE
1347,2341,10529.94586,834.6362198,111179,1211863.559,111179,471.5166315,2570.139584,571413823.2,0.000189405,8818.114555,4942,558,795,4283,17,1894,6114,105065,83,TRUE
270,560,3162.364064,105.528461,32884,331189.9683,32884,239.8862134,1380.612765,79447907.42,0.000186004,1226.047954,1537,170,182,1370,17,1059,2997,29887,22,TRUE
411,669,2262.965755,384.7120061,14033,132570.9189,14033,157.1688693,843.4934952,20836021.43,0.000190388,321.5435406,1632,27,296,1393,17,681,1441,12592,6,TRUE
1713,3220,15751.59244,1085.862233,221479,2250477.328,221479,1607.652926,1399.852725,3617986461,0.000349072,55833.12439,5902,66,612,5418,17,1128,8134,213345,292,FALSE
120,241,964.8141628,91.44135847,3197,26458.76972,3197,80.21331058,329.8551018,2122345.513,0.000208059,32.75224558,371,35,49,325,17,293,432,2765,8,TRUE
914,1731,7093.543697,635.9536446,29643,288213.1836,29643,281.3725845,1024.311534,81095288.38,0.000216685,1251.4705,2496,72,417,2164,17,828,2234,27409,15,TRUE
1382,2268,9161.060667,940.7562632,84893,874330.6663,84893,552.4794851,1582.557706,483049756.3,0.00023471,7454.471548,4805,161,816,4141,17,1243,4101,80792,47,TRUE
286,433,1918.450543,131.5808514,18068,158779.8234,18068,340.2,466.7249366,54016895.94,0.000299988,833.5940731,1192,8,213,999,17,425,1058,17010,35,TRUE
73,151,579.093721,64.09149029,1801,14517.31337,1801,53.346,272.1349937,774440.5992,0.000193635,11.95124381,340,5,78,263,17,250,232,1569,2,TRUE
131,232,833.3572212,119.063934,4866,42682.06776,4866,89.91785714,474.6784356,3837880.071,0.000191438,59.22654431,447,34,65,386,17,420,423,4443,20,FALSE
155,304,1203.395607,125.5121311,4280,38663.05045,4280,59.39940828,650.8995891,2296562.319,0.000150073,35.44077653,493,36,72,436,17,507,737,3543,5,TRUE
452,833,4463.000508,187.6571792,20296,198622.1284,20296,181.5525404,1094.0201,36060351.99,0.000183177,556.4869134,1830,96,215,1639,17,866,1799,18497,44,TRUE
66,91,398.7904388,33.26298372,2106,16442.28947,2106,78.5942029,209.2048632,1292268.634,0.00024052,19.9424172,354,5,68,299,17,207,192,1914,3,FALSE
330,640,4324.453647,63.71009433,21551,207717.9324,21551,218.5698718,950.3502504,45400881.85,0.000204228,700.6308928,1731,162,218,1524,17,780,1494,20057,53,TRUE
873,1736,7451.723605,544.169912,46870,483999.7501,46870,295.1183899,1640.018944,142837226.9,0.000188189,2204.278194,3282,450,654,2693,17,1267,2880,43990,21,TRUE
66146,144951,1994902.848,3065.699235,8398507,119091371.3,8398507,3641.899137,32700.3486,4.34E+11,0.000160375,6693190.78,226641,2906,28325,197954,17,18545,452740,7945767,12006,TRUE
161,288,1130.843996,126.560196,4719,42693.37774,4719,66.65527344,640.5101283,2845738.767,0.000156789,43.91572172,500,37,96,423,17,512,704,4015,2,FALSE
210,402,1565.23034,172.2963306,6964,63173.66389,6964,98.60652591,640.6641275,6229335.526,0.000178637,96.13172107,629,54,113,536,17,521,920,6044,5,TRUE
739,1234,4146.55869,704.0741521,40802,368356.6205,40802,657.9,559.8975839,242341820.6,0.000351746,3739.842911,6225,50,786,5723,17,505,1715,39087,46,TRUE
260,449,1773.258059,189.9741468,19639,186645.6337,19639,209.5867419,890.5412241,39118450.25,0.000205802,603.6797878,1859,152,395,1494,17,709,2157,17482,44,FALSE
2439,4094,15711.65059,1816.897664,92043,925393.4999,92043,689.0607075,1342.978187,637652299.7,0.000266855,9840.313267,7246,327,1493,5985,17,1046,7248,84795,23,TRUE
1080,2084,9006.786328,672.0937571,34449,335234.2093,34449,323.1530612,1037.385219,108331961,0.000225962,1671.789521,2972,44,587,2489,17,833,2780,31669,47,TRUE
347,613,3194.678481,113.1017675,24406,239200.763,24406,219.8731429,1087.903506,52593823.53,0.000195617,811.6330791,1569,163,178,1409,17,875,1772,22634,8,FALSE
697,1153,4869.872911,417.4247317,39122,395974.6343,39122,285.1722881,1388.545279,112920992.5,0.000196665,1742.607908,2210,201,362,1901,17,1097,2318,36804,22,TRUE
376,654,2958.078537,205.6411113,18445,169185.4254,18445,254.7723214,664.0651718,43103763.58,0.00024221,665.1815367,1479,19,171,1329,17,560,1660,16785,4,TRUE
809,1503,7907.848019,272.4164791,34351,348435.3568,34351,245.7675045,1417.743804,85634088.11,0.000185861,1321.513705,2616,118,325,2335,17,1114,2141,32210,44,TRUE
193,344,1075.249473,221.7042305,6291,56033.24874,6291,99.52159827,563.0260135,5576518.471,0.000187072,86.05738381,605,27,126,512,17,463,870,5421,1,FALSE
971,1615,7249.683644,605.5431312,72052,740331.4519,72052,473.0716039,1564.945868,350229787.4,0.000223711,5404.78067,3634,164,583,3137,17,1222,4041,68011,77,FALSE
13,17,66.60791493,7.310271567,390,2943.288839,390,19,154.9099389,55922.48795,0.000165616,0.863001357,273,2,7,267,17,170,10,380,0,TRUE
1100,13091,69038.81411,1277.38465,650851,7904777.614,650851,1166.360846,6777.300214,9219823109,0.000185412,142281.2208,3309,308,607,2740,17,4513,31582,619269,2373,TRUE
129,254,943.5803302,124.4916399,3583,31404.53491,3583,56.42942584,556.5276351,1772139.874,0.000155436,27.34783756,398,56,76,342,17,418,808,2775,3,FALSE
528,987,4207.475644,315.5871571,23507,236560.2282,23507,167.7397911,1410.280928,39680563.25,0.000163929,612.3543711,1473,283,240,1277,17,1053,2727,20780,5,TRUE
138,270,1073.952481,109.2120125,5106,46574.55014,5106,68.11018519,683.8118266,3172201.235,0.000154515,48.95372276,449,62,73,389,17,540,779,4327,2,FALSE
105,218,842.7542677,94.74249408,5254,47271.18099,5254,77.44635628,610.3732088,3660980.725,0.0001675,56.49661612,357,65,57,311,17,494,753,4501,4,FALSE
333,588,2271.975492,260.2009281,9945,92111.53324,9945,124.2110553,741.5727451,11441270.75,0.000183744,176.5628202,998,58,199,842,17,597,1221,8724,8,TRUE
511,1035,6893.585113,57.86760744,41045,409751.9713,41045,322.1457286,1271.946001,131999847.3,0.000210898,2037.034681,2267,68,311,1965,17,995,3335,37710,151,TRUE
102,220,1002.989202,53.1387608,8151,69790.838,8151,180.265928,387.1549038,12580910.18,0.000258358,194.1498484,464,22,79,387,17,361,495,7656,18,FALSE
537,1284,11407.54035,15.2356566,49189,496257.4047,49189,371.9622201,1334.160777,184589006,0.000217759,2848.595772,2166,109,251,1919,17,1072,2278,46911,79,FALSE
237,8311,1663.358832,7541.664312,390227,4587725.704,390227,921.1526285,4980.418621,4225995591,0.000189919,65215.98135,820,74,141,700,17,3443,17106,373121,1485,FALSE
169,248,1060.627424,92.60187387,5769,52348.7221,5769,81.74329502,640.4038654,4279157.034,0.000167833,66.03637399,845,99,93,757,17,522,749,5020,17,TRUE
456,789,3070.642075,340.7983085,12722,118622.2249,12722,152.3733974,778.4969484,18074871.42,0.000193536,278.933201,1405,88,297,1157,17,624,1536,11186,12,FALSE
102,196,761.0477382,86.10564344,3645,31788.40654,3645,61.4308642,517.4663739,1952789.285,0.000163825,30.13563712,309,55,55,266,17,405,718,2927,2,TRUE
272,521,1916.495755,252.7618924,7972,75028.5656,7972,89.97966867,833.8390961,6751045.474,0.000158696,104.1828005,715,63,147,623,17,664,943,7029,9,FALSE
43259,92879,1381882.04,120.5981035,5850146,83042300.15,5850146,2552.543604,32533.15635,2.12E+11,0.000142701,3271127.964,128467,2348,1991,126164,17,18737,223439,5626707,6096,FALSE
629,9232,39951.88652,3040.716044,366740,4261935.458,366740,935.7840728,4554.40051,3988251321,0.000196695,61547.08829,2117,198,312,1802,17,3133,21821,344919,1953,TRUE
137,211,770.7917125,103.7797165,7817,70418.88654,7817,124.9226908,563.6997259,8796916.787,0.000201717,135.7548887,902,49,115,801,17,498,498,7319,8,TRUE
78,151,595.3753742,67.65749194,2111,17257.26812,2111,59.59375,289.5818457,1028425.322,0.000196799,15.87076114,301,21,67,253,17,272,204,1907,6,TRUE
964,1778,10534.98269,185.2017489,68352,695134.7137,68352,478.845815,1451.68798,332862348.5,0.000230314,5136.764637,3640,238,156,3517,17,1135,4412,63940,67,FALSE
3583,5866,59020.13875,52.44229579,327560,3970635.559,327560,600.9442568,6607.327576,2386130635,0.000149905,36823.00363,10893,1308,584,10316,17,4440,13655,313905,8,FALSE
2145,3532,15315.2185,1188.272317,129510,1403274.642,129510,582.4472376,2409.273409,817333438.5,0.000207652,12613.17035,7083,135,1138,6114,17,1810,5483,124027,47,TRUE
1109,2283,15740.27569,187.9897925,70353,737992.2736,70353,399.0334272,1849.449754,294483586.1,0.000199925,4544.499786,3547,216,423,3151,17,1421,3644,66709,84,TRUE
535,913,4273.048171,212.4601426,31835,304595.8817,31835,354.5714286,859.053655,108000996.9,0.000248184,1666.682051,1556,28,252,1334,17,742,883,30952,35,FALSE
799,1436,6150.536773,487.0885352,65086,653214.3957,65086,497.5585673,1312.839209,325012418.9,0.000241225,5015.623748,3233,223,470,2824,17,1033,4618,60468,42,TRUE
442,822,2844.629211,448.6767064,20650,191743.5558,20650,257.1144975,745.7516307,49300048.01,0.000233735,760.80321,1408,114,248,1216,17,607,2289,18361,10,TRUE
39,103,540.5365339,9.260811643,2960,26265.39457,2960,53.74557522,488.6987341,1411648.74,0.000159703,21.78470277,203,9,9,195,17,452,102,2858,0,TRUE
1675,2916,12738.84351,926.5033257,143462,1598102.316,143462,517.9988834,3085.146257,827815215.4,0.000183892,12774.92616,6972,718,1061,6058,17,2239,7015,136447,71,TRUE
1537,3643,32681.87485,483.6912732,155872,1712828.259,155872,631.5436725,2712.129555,1081725849,0.000205074,16693.30014,5238,106,895,4352,17,2015,6159,149713,610,TRUE
777,1316,5129.717999,601.1282585,43626,455809.5219,43626,254.6242754,1790.125947,116060169.2,0.000174001,1791.051994,2433,146,374,2117,17,1380,2287,41339,60,FALSE
9350,26040,316653.3785,83.04347975,1561081,20186216.8,1561081,1641.007251,12301.11371,33125728137,0.000170321,511199.5083,33364,135,2836,30523,17,7792,56760,1504321,2724,TRUE
214,375,1488.796387,153.3833899,5362,47726.44782,5362,82.7505423,576.7508768,3949389.439,0.000174504,60.94736789,644,48,105,561,17,461,874,4488,2,FALSE
31,49,137.4908056,37.28569578,2319,18405.06338,2319,66.84429825,275.3423084,1230273.546,0.000207942,18.98570287,226,32,48,178,17,228,526,1793,1,FALSE
9071,27918,252153.6343,3529.334837,1611833,20985686,1611833,1587.238598,13221.50685,33309290820,0.000164437,514032.2657,32355,379,3392,28973,17,8288,64182,1547651,4684,TRUE
250,409,1626.258995,197.2959617,12225,113738.7196,12225,143.3943089,793.1885197,16309485.1,0.000188479,251.6895849,1488,83,154,1369,17,615,1850,10375,1,TRUE
98,145,555.7030569,65.84738302,1386,10983.79013,1386,45.0199115,243.976271,494489.2596,0.000189772,7.631007093,301,10,58,254,17,226,189,1197,9,FALSE
236,410,1443.984351,221.5673416,10538,97970.90299,10538,130.8611111,748.6632366,12820581.22,0.000186375,197.8484756,758,71,155,638,17,612,1116,9422,27,TRUE
280,506,1899.867229,234.1080924,7762,73150.37873,7762,85.52014925,855.3584082,6255831.307,0.00015471,96.54060659,830,59,155,704,17,670,1021,6741,3,TRUE
80,149,809.3679851,21.23244391,4037,32879.98533,4037,117.2744361,280.3678826,3855981.738,0.000249289,59.50589102,459,53,80,379,17,266,367,3670,1,FALSE
53,100,430.8831796,29.3751449,1450,10083.58465,1450,97.47196262,103.4511297,982866.7861,0.000326784,15.16769732,190,13,17,175,17,107,223,1227,6,TRUE
656,1113,5078.190472,369.5510057,39053,390254.2208,39053,313.0663673,1246.554283,122175471.2,0.000210307,1885.423939,2259,70,379,1949,17,1002,2148,36905,69,TRUE
240,390,1323.438347,223.7682422,11339,104062.7601,11339,159.4128114,652.7879361,16588937.15,0.000208351,256.0021166,902,21,114,812,17,562,799,10540,9,TRUE
297,548,2694.511639,121.3274445,15662,149462.9644,15662,167.9828532,889.7513139,25107215.21,0.000191225,387.4570248,1043,78,170,890,17,729,1255,14407,37,TRUE
17,28,69.00723059,23.40690258,252,1670.597868,252,21.14634146,79.00174464,35327.03297,0.000214822,0.545170262,75,0,12,68,17,82,48,204,1,TRUE
415,678,2750.535169,268.0026557,19847,185631.905,19847,245.2189953,757.0045902,45520469.25,0.000228927,702.4763773,1460,55,209,1291,17,637,1470,18377,13,TRUE
91,184,587.4201883,112.2703779,3289,28393.9212,3289,60.75263158,467.3694039,1725005.434,0.000168855,26.62045423,346,23,51,310,17,380,573,2716,1,FALSE
815,1730,8647.740835,382.4460504,70591,747003.9846,70591,375.7493404,1988.038047,280686254.5,0.000191295,4331.578001,3854,347,807,3106,17,1516,3575,67016,81,TRUE
1637,3527,30069.57017,416.0510706,151594,1672391.94,151594,598.2739528,2795.361443,1000548537,0.000199388,15440.56384,6223,149,1098,5153,17,2077,5404,146190,570,TRUE
134,249,848.2724743,141.6598538,5876,51579.98121,5876,95.13151659,542.1965618,4906881.838,0.00018661,75.72348516,350,69,64,312,17,422,1153,4723,1,FALSE
3767,8908,74034.84927,653.5049601,453434,5540174.731,453434,779.2913858,7109.246723,4317410444,0.000159528,66626.70438,13804,1704,971,12874,17,4748,18131,435303,336,TRUE
164,280,911.3638498,168.0842772,5451,48919.53393,5451,85.82201646,570.011472,4198373.046,0.000177331,64.7897075,531,46,104,454,17,486,544,4907,2,TRUE
140,278,1106.743155,115.9862344,3365,28507.1871,3365,74.18639053,384.2643764,2114845.315,0.000192653,32.63650177,467,18,87,395,17,338,415,2950,18,FALSE
265,474,1654.72792,253.1954157,7354,67212.26065,7354,98.75228519,680.6147373,6637364.332,0.000175157,102.4284619,879,36,172,740,17,547,999,6355,4,TRUE
14,24,65,18.08948936,610,4120.481376,610,50.53296703,81.54045999,208220.1495,0.000284193,3.213273913,83,9,14,72,17,91,69,541,0,FALSE
5112,8883,40166.48149,2971.493875,466751,5478963.397,466751,1121.3325,4886.118432,6143739723,0.000204081,94810.79819,19369,916,2193,17655,17,3400,18218,448533,403,TRUE
320,570,2519.667019,165.3704715,20861,202577.133,20861,201.9500609,1003.105085,40910464.35,0.000195364,631.3343264,1301,109,175,1143,17,821,1355,19506,11,TRUE
181,351,2320.922006,1.928075363,9614,81717.51836,9614,225.015942,363.1632391,18387744.37,0.000284173,283.7614872,709,50,73,638,17,345,481,9133,35,FALSE
388,725,2745.956767,329.1403906,13236,124059.2419,13236,155.0921053,799.9068794,19240609.01,0.000192928,296.9229785,1223,77,153,1107,17,646,1449,11787,2,FALSE
7260,14953,60121.5734,5997.922357,387764,4099712.531,387764,1905.083665,2151.985556,7810295375,0.000320064,120529.2496,21790,3581,3474,19124,17,1506,50228,337536,93,TRUE
151,332,1414.638585,108.0856986,7148,64629.77962,7148,104.1166667,620.7438414,6729037.221,0.000183829,103.843167,472,66,82,401,17,510,901,6247,2,FALSE
247,449,1718.911222,202.6065123,13557,129031.0439,13557,147.5984637,874.2031636,19044783.85,0.000184233,293.9009853,860,64,167,723,17,716,1124,12433,15,FALSE
62,108,511.5922078,21.48921271,3814,31909.15293,3814,94.61341853,337.2582179,3019034.041,0.00021821,46.59003149,417,24,29,391,17,313,330,3484,7,TRUE
213,385,1418.943193,185.4639862,9533,89699.72379,9533,108.4871795,826.8232635,9731270.035,0.000169382,150.1739203,1104,120,266,870,17,663,1071,8462,16,TRUE
431,756,5712.834746,55.8053621,12341,109123.4456,12341,214.8653846,507.8688956,23446851.11,0.000250236,361.834122,1295,86,192,1108,17,442,1168,11173,34,TRUE
195,363,1408.140959,159.7862011,5872,53236.07573,5872,81.3150289,654.6892554,4328893.036,0.000166312,66.80390488,648,54,101,567,17,519,907,4965,11,FALSE
544,829,2954.626056,449.3297136,36384,363531.5308,36384,290.2482517,1252.484825,105514391.3,0.000204744,1628.308507,2011,151,371,1720,17,1001,2203,34181,32,FALSE
588,1071,4588.154768,351.9975019,23221,217697.7906,23221,283.4559505,768.0127731,61707734.18,0.000239103,952.2798484,2277,11,356,1959,17,647,1645,21576,18,TRUE
219,423,1421.316401,236.2375307,10694,97209.66222,10694,151.0681818,643.4820427,14685286.93,0.000205632,226.6247982,1201,14,234,1003,17,528,1310,9384,37,TRUE
83,105,305.2276764,80.41157708,2370,19129.3658,2370,71.47420635,267.6401289,1367256.238,0.000214657,21.09963331,467,9,72,398,17,252,251,2119,2,FALSE
422,778,3365.398289,341.0247133,30163,290008.493,30163,309.2138201,937.8898167,89674633.98,0.000230276,1383.867808,2123,157,479,1709,17,767,2261,27902,82,TRUE
915,33349,128364.4052,13545.2309,2078293,27327377.32,2078293,1867.221046,14635.3199,51026254054,0.000167807,787442.1922,4173,214,484,3728,17,9066,86737,1991556,5759,TRUE
299,34,279.62,0.000000034,4342,39187.16,4342,60.04,652.69,2352784.41,0.00015,36.31,455,47,84,391,17,504,782,3560,1,FALSE
160,320,1471.334389,93.51764644,11549,107449.3639,11549,149.1439024,720.4408769,16025417.44,0.000197188,247.3058247,511,48,81,440,17,615,758,10791,9,TRUE
15944,41144,444218.9551,2582.295129,2198130,28226563.63,2198130,2442.976164,11554.1707,68956822143,0.000198582,1064148.49,58436,357,7685,50729,17,7321,94009,2104121,5599,TRUE
393,655,2430.382945,313.1148804,18263,177723.0795,18263,170.9387755,1039.688502,30379765.58,0.00018261,468.823543,1611,50,246,1398,17,833,1511,16752,34,TRUE
84,177,625.7287826,91.68920746,2915,25361.78178,2915,48.95488722,518.064349,1241583.167,0.000151827,19.16023405,277,26,46,244,17,399,617,2298,1,FALSE
72,107,285.3457527,84.56944394,1665,13840.95012,1665,38.63122924,358.2839685,534692.9169,0.000158653,8.251433904,381,12,51,331,17,301,297,1368,1,FALSE
1569,3527,17305.07502,782.0175097,158372,1736444.592,158372,631.2440687,2750.829161,1096120349,0.000204075,16915.43749,5465,1235,761,4793,17,1981,11255,147117,87,TRUE
232,380,1810.397602,132.9963466,15424,139032.2517,15424,245.82,565.5855981,34176908.12,0.000252494,527.4214216,1081,28,240,853,17,500,964,14460,50,TRUE
139,237,900.9413217,108.7187962,4530,40718.74163,4530,68.25967413,596.5270439,2779448.035,0.000161829,42.89271659,520,22,64,470,17,491,587,3943,2,FALSE
154,274,1037.936093,123.2187461,4087,35371.49745,4087,80.61787565,438.7550176,2.85E+06,0.000189503,44.00578677,426,16,77,364,17,386,426,3661,2,TRUE
4962,11251,56164.66749,2717.865837,319621,3471679.303,319621,1412.843818,2457.227939,4904940641,0.00027718,75693.5284,18318,164,2904,15741,17,1844,13117,306504,157,TRUE
63,122,419.5435428,65.15024125,844,6487.406445,844,32.47089947,199.7913994,210651.9225,0.000181908,3.250801273,190,8,36,161,17,189,122,722,2,TRUE
793,1251,5479.477974,396.0445366,21849,198202.3812,21849,322.8368522,613.9397649,63987032.83,0.000269049,987.4542104,1971,5,367,1662,17,521,2061,19788,50,FALSE
38,69,200.9408375,46.66301015,4891,40591.42642,4891,124.590604,325.798456,5057310.336,0.000241949,78.04491259,425,39,33,396,17,298,523,4368,8,FALSE
224,398,1459.083021,194.9731339,10168,96451.91241,10168,109.5285714,880.6096086,10564240.18,0.00016639,163.0283978,1239,124,301,974,17,700,1148,9020,16,TRUE
70,99,315.5554915,66.61958975,2260,18054.42739,2260,68.86075949,262.1874566,1243241.582,0.000213468,19.18582689,382,2,48,335,17,237,340,1920,9,TRUE
356,705,2645.337985,319.4392638,19083,180318.1036,19083,213.4970674,844.5928825,38497386.33,0.000210763,594.095468,1255,52,160,1134,17,682,1953,17130,16,FALSE
537,1030,4691.790635,277.665697,25284,249406.0825,25284,216.1508197,1153.852124,53909329.16,0.000190728,831.934092,1887,105,197,1718,17,915,2016,23268,77,TRUE
359,670,4177.83807,27.16568124,29073,272812.4349,29073,364.9516129,747.5304266,99563338.14,0.000262471,1536.471268,1327,66,153,1179,17,651,1122,27951,63,TRUE
46,68,290.7151518,22.97367917,3514,29520.69034,3514,77.26791277,382.0562673,2281002.126,0.00019566,35.20065009,483,52,26,457,17,321,596,2918,1,TRUE
812,1737,8948.367511,282.241936,66724,665053.2049,66724,558.2012195,1191.421985,371233510,0.000258893,5728.912192,2396,122,423,2027,17,984,2104,64620,108,TRUE
107,186,787.7328261,64.71542983,2200,18528.54249,2200,41.4309816,447.2146633,767655.7027,0.000150828,11.84653862,330,28,51,291,17,326,611,1589,1,TRUE
985,1833,8233.19747,505.4384808,29146,289827.2386,29146,235.5940083,1230.197834,68281560.84,0.000192136,1053.727791,2632,62,468,2216,17,968,2316,26830,35,TRUE
175,330,1254.987831,151.98924,5312,47926.81782,5312,75.85785288,631.7977111,3635625.496,0.000164445,56.10533172,517,53,93,443,17,503,823,4489,3,FALSE
167,321,1344.662869,113.0382576,8046,75022.35668,8046,95.85657051,782.6522092,7191385.823,0.000165538,110.9781763,726,94,75,663,17,624,1009,7037,12,TRUE
82,159,668.1857703,50.67172344,3263,27576.30186,3263,70.70570571,390.015227,1949801.884,0.000188656,30.08953524,564,42,56,512,17,333,493,2770,10,TRUE