{
  "root": true,
  "ignorePatterns": [
    "projects/**/*"
  ],
  "overrides": [
    {
      "files": [
        "*.ts"
      ],
      "parserOptions": {
        "project": [
<% if (props.e2e) { -%>
          "tsconfig.json",
          "e2e/tsconfig.json"
<% } else { -%>
          "tsconfig.json"
<% } -%>
        ],
        "createDefaultProgram": true
      },
      "extends": [
        "plugin:@angular-eslint/recommended",
        "plugin:@angular-eslint/template/process-inline-templates"
      ],
      "rules": {
        "@angular-eslint/directive-selector": [
          "error",
          {
            "type": "attribute",
            "prefix": "app",
            "style": "camelCase"
          }
        ],
        "@angular-eslint/component-selector": [
          "error",
          {
            "type": "element",
            "prefix": "app",
            "style": "kebab-case"
          }
        ],
        "@angular-eslint/no-empty-lifecycle-method": "off"
      }
    },
    {
      "files": [
        "*.html"
      ],
      "extends": [
        "plugin:@angular-eslint/template/recommended"
      ],
      "rules": {}
    }
  ]
}
