{
  "compileOnSave": false,
  "compilerOptions": {
    "outDir": "./dist/out-tsc",
    "forceConsistentCasingInFileNames": true,
    "noImplicitOverride": true,
    "noPropertyAccessFromIndexSignature": true,
    "noImplicitReturns": true,
    "noFallthroughCasesInSwitch": true,
    "sourceMap": true,
    "declaration": false,
    "module": "es2020",
    "moduleResolution": "node",
    "downlevelIteration": true,
    "experimentalDecorators": true,
    "importHelpers": true,
<% if (props.strict) { -%>
    "strict": true,
<% } else { -%>
    "noImplicitAny": true,
<% } -%>
    "suppressImplicitAnyIndexErrors": true,
    "target": "es2020",
    "typeRoots": [
      "node_modules/@types"
    ],
    "lib": [
      "es2020",
      "dom"
    ],
    "baseUrl": "./",
    "paths": {
      "@app/*": ["src/app/*"],
<% if (props.usePrefix) { -%>
      "@shared": ["src/app/@shared"],
      "@shared/*": ["src/app/@shared/*"],
<% } -%>
      "@env/*": ["src/environments/*"]
    }
  },
  "angularCompilerOptions": {
    "enableI18nLegacyMessageIdFormat": false,
    "fullTemplateTypeCheck": true,
    "strictInjectionParameters": true,
<% if (props.strict) { -%>
    "strictInputAccessModifiers": true,
    "strictTemplates": true,
<% } -%>
    "preserveWhitespaces": true
  }
}
