{
  "extends": "./tsconfig.json",
  "compilerOptions": {
    "outDir": "./out-tsc/spec",
<% if (props.tools.includes('jest')) { -%>
    "allowJs": true,
<% } -%>
    "types": [
<% if (props.tools.includes('jest')) { -%>
      "jest",
<% } else { -%>
      "jasmine",
<% } -%>
      "node"
    ]
  },
  "files": [
<% if (!props.tools.includes('jest')) { -%>
    "src/test.ts",
<% } -%>
    "src/polyfills.ts"
  ],
  "include": [
    "src/**/*.spec.ts",
    "src/**/*.mock.ts",
    "src/**/*.d.ts"
  ]
}
