{
  "name": "generator-<%= props.projectName %>",
  "version": "1.0.0",
  "description": "<%= props.description %>",
  "main": "./generators/app/index.js",
  "scripts": {
    "test": "xo generators/app/*.js",
    "postpublish": "git tag -a $npm_package_version -m \"$npm_package_version\" && git push --tags"
  },
  "keywords": [
    "yeoman-generator",
    "ngx-rocket-addon"
  ],
  "author": "<%= props.author %>",
  "license": "MIT",
  "dependencies": {
    "@ngx-rocket/core": "^7.0.0",
    "chalk": "^4.1.1"
  },
  "devDependencies": {
    "xo": "^0.42.0"
  },
  "engines": {
    "node": ">=12.14.1"
  },
  "xo": {
    "space": true,
    "prettier": true,
    "rules": {
      "unicorn/prefer-module": "off"
    }
  },
  "files": [
    "generators/app"
  ]
}
