{
  "index": "/index.html",
  "assetGroups": [
    {
      "name": "app",
      "installMode": "prefetch",
      "resources": {
        "files": [
          "/favicon.ico",
          "/index.html",
          "/*.css",
          "/*.js"
        ]
      }
    }, {
      "name": "assets",
      "installMode": "lazy",
      "updateMode": "prefetch",
      "resources": {
        "files": [
          "/assets/**",
          "/*.(eot|svg|cur|jpg|png|webp|gif|otf|ttf|woff|woff2|ani)"
        ]
      }
    }, {
      "name": "fonts",
      "resources": {
        "urls": [
          "https://fonts.googleapis.com/**",
          "https://fonts.gstatic.com/**"
        ]
      }
    }, {
      "name": "api",
      "resources": {
        "urls": [
          "http://localhost:3000/**"
        ]
      }
    }
  ]
}
